block_end_hr,feature_index,feature,importance,norm_importance
24,0,SignalSD,7.340977248304625e-08,1.375392271298863e-05
24,1,lv_l5,3.365729935467243e-05,0.006305970968088705
24,2,lv_l10,0.0001269704516744241,0.023788955068163423
24,3,lv_l20,0.0001630740298423916,0.03055325642734893
24,4,SIQ,0.00025939717306755483,0.048600187000481986
24,5,SIQ_delta,0.0006971218972466886,0.130611502691652
24,6,SIQ_theta,0.0005540549173019826,0.10380673108723623
24,7,SIQ_alpha,0.0002637832658365369,0.04942195743943151
24,8,SIQ_beta,0.00016319440328516066,0.03057580937871415
24,9,BCI,0.0002850574965123087,0.05340785896991825
24,10,BSAR,1.0672586086002411e-06,0.00019995965007042575
24,11,d0MaxAmp,1.2694076190200576e-07,2.378339244589399e-05
24,12,d0MeanMaxAmp,1.0592135879505804e-07,1.984523494958955e-05
24,13,d0VarMaxAmp,1.8873005380726227e-09,3.536012285398047e-07
24,14,d0VarMeanAmp,3.391096570215524e-10,6.353497437932625e-08
24,15,d0VarVarAmp,5.475580544533898e-10,1.025894905690604e-07
24,16,d0MeanVarAmp,6.73909927861871e-10,1.2626254992778433e-07
24,17,d0MaxMaxFourAmp,6.724848589101384e-08,1.2599555157647715e-05
24,18,d0MeanMaxFourAmp,1.9494345337989216e-07,3.652425420347627e-05
24,19,d0VarMaxFourAmp,3.2302893693270107e-10,6.052211963546578e-08
24,20,d1MaxAmp,1.1816182698964894e-08,2.2138587017368807e-06
24,21,d1MeanMaxAmp,3.8852574490988445e-09,7.279348357510587e-07
24,22,d1VarMaxAmp,2.336178472894801e-10,4.377021896827645e-08
24,23,d1VarMeanAmp,4.6003112430526016e-10,8.619060263025699e-08
24,24,d1VarVarAmp,5.599831709446335e-10,1.049174380090271e-07
24,25,d1MeanVarAmp,6.847173938950846e-10,1.2828741729239031e-07
24,26,d1MaxMaxFourAmp,3.2193752108611307e-09,6.031763392880909e-07
24,27,d1MeanMaxFourAmp,5.061363772540517e-09,9.482879975676245e-07
24,28,d1VarMaxFourAmp,3.642034729356425e-10,6.82365065184712e-08
24,29,d2MaxAmp,2.5110191259614112e-08,4.704600194379512e-06
24,30,d2MeanMaxAmp,1.5087929128299038e-08,2.826847218162957e-06
24,31,d2VarMaxAmp,6.680834219174869e-10,1.25170906271426e-07
24,32,d2VarMeanAmp,2.5582203022622707e-10,4.79303546789219e-08
24,33,d2VarVarAmp,9.99660687561743e-10,1.8729462537310867e-07
24,34,d2MeanVarAmp,1.9670460815746083e-09,3.6854220989599797e-07
24,35,d2MaxMaxFourAmp,1.7920324113518404e-09,3.357519639581517e-07
24,36,d2MeanMaxFourAmp,1.523015313864562e-08,2.8534940525022125e-06
24,37,d2VarMaxFourAmp,3.2804034488798095e-10,6.146104800111484e-08
24,38,linelengthmean,2.9354673358739092e-08,5.499838713358861e-06
24,39,kurtavg,2.0664067506004358e-06,0.0003871582458305554
24,40,shanavg,4.668409547825547e-10,8.746648019948518e-08
24,41,nlemean,5.8633153887655e-10,1.0985402075395608e-07
24,42,nleavgstd,1.674207161794783e-10,3.136764374821552e-08
24,43,deltakurtosis,2.9876669941586442e-05,0.005597639052660889
24,44,thetakurtosis,0.00019036044250242412,0.03566558954250025
24,45,alphakurtosis,0.00012422505824360996,0.023274583101231025
24,46,betakurtosis,0.00010988650319632143,0.020588137260769048
24,47,deltameanrat,0.00027050322387367487,0.05068099667019153
24,48,thetameanrat,6.50754154776223e-05,0.012192412600128249
24,49,alphameanrat,7.04145641066134e-05,0.01319274586792665
24,50,betameanrat,1.3655809198098723e-05,0.0025585278082335115
24,51,deltaminrat,0.00022608472499996424,0.04235882674823624
24,52,thetaminrat,7.482347427867353e-05,0.014018791334407683
24,53,alphaminrat,4.4546952267410234e-05,0.008346236718369532
24,54,betaminrat,9.408984624315053e-06,0.0017628504074224522
24,55,deltastdrat,7.237031240947545e-05,0.013559171346357816
24,56,thetastdrat,4.100301521248184e-05,0.007682251056727022
24,57,alphastdrat,1.360729947919026e-05,0.0025494391146968316
24,58,betastdrat,3.520983227645047e-06,0.0006596850739176908
24,59,deltapctrat,0.0003402936563361436,0.06375680635774413
24,60,thetapctrat,0.00012752001930493861,0.023891921069282722
24,61,alphapctrat,6.848655903013423e-05,0.012831518310406725
24,62,betapctrat,4.698726115748286e-05,0.008803448595407149
24,63,deltathetamean,3.917211870430037e-06,0.0007339217585606751
24,64,deltaalphamean,1.474914824939333e-06,0.00027633738430590685
24,65,thetaalphamean,2.8346021281322464e-05,0.005310859477381967
24,66,deltathetamin,3.294438647571951e-05,0.006172400895514549
24,67,deltaalphamin,1.0393079719506204e-05,0.0019472286914529085
24,68,thetaalphamin,6.34363605058752e-05,0.011885322213641141
24,69,deltathetastd,9.914094334817491e-06,0.0018574868527463364
24,70,deltaalphastd,4.3039449337811675e-06,0.000806379368548735
24,71,thetaalphastd,6.702412974846084e-06,0.0012557520194992422
24,72,deltathetapct,4.722223366115941e-06,0.0008847472620355476
24,73,deltaalphapct,5.372500709199812e-06,0.0010065820534572037
24,74,thetaalphapct,6.714239134453237e-06,0.0012579677474565225
24,75,meanlogentropy,8.129121124511585e-05,0.015230574879778722
24,76,xcorrmean,1.0242482417766041e-09,1.9190130523239737e-07
24,77,xcorrstd,3.0359939046320505e-05,0.005688183481437352
24,78,corrmean,4.3525164073798805e-05,0.008154796323329192
24,79,geomeanamp,1.1818571010735468e-07,2.2143061715272898e-05
24,80,harmmeanamp,1.5834810085380013e-07,2.966781488656264e-05
24,81,meanskewamp,3.136986561003141e-05,0.005877401502870152
24,82,stdskewamp,2.040913750533946e-05,0.003823819232678109
24,83,overallskewamp,3.3844906283775344e-05,0.006341120664321567
24,84,meaniqrchannelamp,1.8210329244539025e-07,3.4118544784389585e-05
24,85,overalliqramp,1.254723258625745e-07,2.350826891516831e-05
24,86,avgspectent,6.283532275119796e-05,0.011772712862790366
24,87,sdspectent,3.4105930808436824e-06,0.0006390025748984752
24,88,pctchangepoint,1.929918653331697e-05,0.0036158608183140054
24,89,pctpeakpoint,0.00014809001004323363,0.027745877473884583
24,90,avgspectkurt,7.527733396273106e-05,0.014103825667111962
24,91,sdspectkurt,0.00011568248010007665,0.021674061051078122
24,92,meanrms,2.420236455691338e-07,4.534511418956364e-05
24,93,sdrms,1.1009575473508448e-07,2.062734225207161e-05
36,0,SignalSD,6.79825475913276e-08,1.4146830883500874e-05
36,1,lv_l5,2.719094482017681e-05,0.005658300719267491
36,2,lv_l10,0.00010556493361946195,0.021967538964853903
36,3,lv_l20,0.0001412949204677716,0.0294027719668785
36,4,SIQ,0.00024889703490771353,0.051794238153755466
36,5,SIQ_delta,0.0006305546266958117,0.1312152895519412
36,6,SIQ_theta,0.0004670604830607772,0.09719296937718667
36,7,SIQ_alpha,0.00024855081574060023,0.05172219166271747
36,8,SIQ_beta,0.00014308211393654346,0.029774678061230846
36,9,BCI,0.0002780434733722359,0.05785946739895313
36,10,BSAR,9.473563409301278e-07,0.00019714015458962281
36,11,d0MaxAmp,1.1374720543244621e-07,2.3670229135822e-05
36,12,d0MeanMaxAmp,1.0790012083816691e-07,2.2453479839899104e-05
36,13,d0VarMaxAmp,2.5789915980567457e-08,5.366753568430952e-06
36,14,d0VarMeanAmp,1.8117443101317576e-09,3.770150026394209e-07
36,15,d0VarVarAmp,1.0332269262391947e-08,2.150093973773052e-06
36,16,d0MeanVarAmp,3.988636532170631e-09,8.300154742004626e-07
36,17,d0MaxMaxFourAmp,1.1103254848876531e-07,2.3105322493607932e-05
36,18,d0MeanMaxFourAmp,2.4906094608923013e-07,5.182834725744439e-05
36,19,d0VarMaxFourAmp,1.1985473724607232e-09,2.494117620597846e-07
36,20,d1MaxAmp,3.448119656468407e-08,7.175365939413021e-06
36,21,d1MeanMaxAmp,9.925544830480248e-09,2.0654566373049968e-06
36,22,d1VarMaxAmp,1.118534265209803e-09,2.327614313962926e-07
36,23,d1VarMeanAmp,6.528108720260661e-09,1.3584670378904137e-06
36,24,d1VarVarAmp,7.701287607631002e-09,1.6025997440592413e-06
36,25,d1MeanVarAmp,1.489329903847647e-08,3.099221642314718e-06
36,26,d1MaxMaxFourAmp,8.062710499245895e-09,1.6778100547383606e-06
36,27,d1MeanMaxFourAmp,5.7679958587186775e-09,1.200291322422226e-06
36,28,d1VarMaxFourAmp,6.144291297971449e-09,1.278596536480146e-06
36,29,d2MaxAmp,3.6488710719595474e-08,7.593119675511442e-06
36,30,d2MeanMaxAmp,3.891646827014483e-08,8.098323977360016e-06
36,31,d2VarMaxAmp,8.183530297856123e-09,1.702952055426425e-06
36,32,d2VarMeanAmp,7.557895642662515e-09,1.5727605875354744e-06
36,33,d2VarVarAmp,1.9236628290286717e-08,4.003046911795502e-06
36,34,d2MeanVarAmp,3.750034593963392e-08,7.803635945947632e-06
36,35,d2MaxMaxFourAmp,1.1898400487098115e-08,2.475998111853847e-06
36,36,d2MeanMaxFourAmp,5.122751289832195e-08,1.0660191287791188e-05
36,37,d2VarMaxFourAmp,6.5762351120213225e-09,1.3684819012545226e-06
36,38,linelengthmean,5.035246886109235e-08,1.0478098964850907e-05
36,39,kurtavg,1.3123673170412076e-06,0.00027309712785144496
36,40,shanavg,5.346515674631291e-09,1.1125833871316147e-06
36,41,nlemean,1.0147100937274445e-08,2.111561363960227e-06
36,42,nleavgstd,7.463031082011184e-09,1.5530197430993476e-06
36,43,deltakurtosis,3.0327249987749383e-05,0.006310950265021776
36,44,thetakurtosis,0.00018456172256264836,0.03840637883059371
36,45,alphakurtosis,0.00011221127351745963,0.02335060932427115
36,46,betakurtosis,9.142133058048785e-05,0.019024325340696334
36,47,deltameanrat,0.0002441246178932488,0.050801121849626436
36,48,thetameanrat,5.3597181249642745e-05,0.011153307515468364
36,49,alphameanrat,6.414515519281849e-05,0.013348288563173568
36,50,betameanrat,1.2580135262396652e-05,0.0026178637364186463
36,51,deltaminrat,0.00020736710575874895,0.043152065933232155
36,52,thetaminrat,6.443237361963838e-05,0.013408057292866841
36,53,alphaminrat,3.8317502912832424e-05,0.00797368225804829
36,54,betaminrat,8.212311513489112e-06,0.0017089412836122986
36,55,deltastdrat,5.398561916081235e-05,0.011234139517691796
36,56,thetastdrat,3.395804378669709e-05,0.0070665004417428574
36,57,alphastdrat,1.4048467164684553e-05,0.0029234163206993498
36,58,betastdrat,3.0956432510720333e-06,0.0006441880026595759
36,59,deltapctrat,0.0003106103395111859,0.06463647067401294
36,60,thetapctrat,0.00011291958799120039,0.023498006052216438
36,61,alphapctrat,6.271908205235377e-05,0.013051529817577057
36,62,betapctrat,4.622095002559945e-05,0.009618350392186758
36,63,deltathetamean,3.7986712868587347e-06,0.0007904846490933292
36,64,deltaalphamean,1.5097735968083725e-06,0.0003141763953127809
36,65,thetaalphamean,2.4798300728434697e-05,0.0051604033539942714
36,66,deltathetamin,2.998269883391913e-05,0.006239250879272756
36,67,deltaalphamin,9.199208761856426e-06,0.0019143097048720187
36,68,thetaalphamin,5.651348692481406e-05,0.011760176258300024
36,69,deltathetastd,9.37367349251872e-06,0.0019506149497806379
36,70,deltaalphastd,4.351956249593059e-06,0.0009056205049197306
36,71,thetaalphastd,5.4709703363187145e-06,0.0011384817847930153
36,72,deltathetapct,5.20337198395282e-06,0.0010827958952558789
36,73,deltaalphapct,5.2102204790571705e-06,0.0010842210331108199
36,74,thetaalphapct,6.244611995498417e-06,0.0012994727759314886
36,75,meanlogentropy,8.122802682919428e-05,0.016903149400356893
36,76,xcorrmean,1.1383806786113837e-08,2.368913715645252e-06
36,77,xcorrstd,2.656482502061408e-05,0.00552800829524019
36,78,corrmean,3.302928962511942e-05,0.006873231308388651
36,79,geomeanamp,9.478597462475591e-08,1.9724491073872108e-05
36,80,harmmeanamp,1.6165068927875836e-07,3.3638706468830104e-05
36,81,meanskewamp,2.5265173462685198e-05,0.005257557253775486
36,82,stdskewamp,2.0494970158324577e-05,0.004264901611736625
36,83,overallskewamp,3.1541483622277156e-05,0.006563626260396129
36,84,meaniqrchannelamp,1.7915280636771058e-07,3.72808102047634e-05
36,85,overalliqramp,8.865654166356762e-08,1.8448986483562396e-05
36,86,avgspectent,5.807224806630984e-05,0.012084546718628677
36,87,sdspectent,4.757477654493414e-06,0.0009900074974350985
36,88,pctchangepoint,1.7656260752119124e-05,0.0036741802675115858
36,89,pctpeakpoint,0.00013371855311561376,0.027826167508237604
36,90,avgspectkurt,6.500427844002843e-05,0.013527067848695866
36,91,sdspectkurt,0.00010312550148228183,0.02145990523944661
36,92,meanrms,2.4640249307594786e-07,5.127513637431127e-05
36,93,sdrms,1.5640073058875714e-07,3.254621611116826e-05
48,0,SignalSD,6.09828489928077e-08,1.4464825214454488e-05
48,1,lv_l5,2.4115493943099864e-05,0.0057200739323988595
48,2,lv_l10,9.464812319492921e-05,0.022450059016630632
48,3,lv_l20,0.00012807110033463687,0.030377821173652814
48,4,SIQ,0.0002193388354498893,0.052026069131319685
48,5,SIQ_delta,0.0005491816555149853,0.13026312789922145
48,6,SIQ_theta,0.00039515033131465316,0.09372767212916466
48,7,SIQ_alpha,0.00022072186402510852,0.05235411655674419
48,8,SIQ_beta,0.00012419307313393801,0.029457972616862282
48,9,BCI,0.00024600085453130305,0.058350166024900126
48,10,BSAR,9.02165993466042e-07,0.00021398923837503985
48,11,d0MaxAmp,1.0388215798684541e-07,2.4640325648893293e-05
48,12,d0MeanMaxAmp,9.846521464851321e-08,2.3355453920535375e-05
48,13,d0VarMaxAmp,3.550002958263576e-08,8.420428554942592e-06
48,14,d0VarMeanAmp,3.054639652333435e-09,7.245451695665499e-07
48,15,d0VarVarAmp,1.5002285636001034e-08,3.558466734928532e-06
48,16,d0MeanVarAmp,5.76843373067959e-09,1.3682434824467566e-06
48,17,d0MaxMaxFourAmp,1.1419054146699636e-07,2.7085422389151188e-05
48,18,d0MeanMaxFourAmp,2.443321420741995e-07,5.795435581885297e-05
48,19,d0VarMaxFourAmp,2.664978682176411e-09,6.321195463084291e-07
48,20,d1MaxAmp,4.3016942896656474e-08,1.0203402604783049e-05
48,21,d1MeanMaxAmp,1.607904209777189e-08,3.8138679547024195e-06
48,22,d1VarMaxAmp,1.816135908327965e-09,4.30778307565736e-07
48,23,d1VarMeanAmp,8.965824527251698e-09,2.126648505803006e-06
48,24,d1VarVarAmp,1.106312197407533e-08,2.6241169168738538e-06
48,25,d1MeanVarAmp,1.8756365349759108e-08,4.448915570912634e-06
48,26,d1MaxMaxFourAmp,9.704802295118498e-09,2.3019303174287906e-06
48,27,d1MeanMaxFourAmp,6.103630934006787e-09,1.44775057400743e-06
48,28,d1VarMaxFourAmp,8.631468872977166e-09,2.047341025447077e-06
48,29,d2MaxAmp,3.83365801326363e-08,9.093244085790643e-06
48,30,d2MeanMaxAmp,4.770102890461203e-08,1.1314444258519822e-05
48,31,d2VarMaxAmp,1.010781147670059e-08,2.3975220693341967e-06
48,32,d2VarMeanAmp,8.743898050056487e-09,2.0740086610580196e-06
48,33,d2VarVarAmp,2.4836593226496007e-08,5.891115057385063e-06
48,34,d2MeanVarAmp,4.83427164965633e-08,1.1466649329505502e-05
48,35,d2MaxMaxFourAmp,1.6974501804156716e-08,4.026266495494944e-06
48,36,d2MeanMaxFourAmp,6.699645638263974e-08,1.589122265634067e-05
48,37,d2VarMaxFourAmp,8.777394810977057e-09,2.081953924356944e-06
48,38,linelengthmean,5.6728261199623375e-08,1.345565837813267e-05
48,39,kurtavg,1.1230539485040936e-06,0.0002663827508850987
48,40,shanavg,8.545219642996926e-09,2.026883141678928e-06
48,41,nlemean,1.4239520673697825e-08,3.3775427203629424e-06
48,42,nleavgstd,1.0077633838534439e-08,2.3903640852670713e-06
48,43,deltakurtosis,3.149778058286756e-05,0.007471115211887726
48,44,thetakurtosis,0.0001690136850811541,0.0400891964532205
48,45,alphakurtosis,9.996830340242013e-05,0.023711979016790553
48,46,betakurtosis,7.925977115519345e-05,0.018800019271529116
48,47,deltameanrat,0.00021018035477027297,0.04985372355467677
48,48,thetameanrat,4.611588883562945e-05,0.010938457002808539
48,49,alphameanrat,5.814521500724368e-05,0.013791752698137311
48,50,betameanrat,1.178781076305313e-05,0.002796009454539237
48,51,deltaminrat,0.00017975448281504214,0.04263685968067685
48,52,thetaminrat,6.112238770583645e-05,0.014497923095710392
48,53,alphaminrat,3.6351149901747704e-05,0.008622310015972346
48,54,betaminrat,8.03997681941837e-06,0.0019070420838302989
48,55,deltastdrat,4.24763529736083e-05,0.010075177392633491
48,56,thetastdrat,2.7746435080189258e-05,0.0065813149170266035
48,57,alphastdrat,1.2511535715020727e-05,0.002967673374911101
48,58,betastdrat,3.3040132620953955e-06,0.0007836953361769974
48,59,deltapctrat,0.00026805829838849604,0.06358208082293734
48,60,thetapctrat,9.778327512321994e-05,0.023193701293311306
48,61,alphapctrat,5.4998050472931936e-05,0.013045261091696975
48,62,betapctrat,4.471645297599025e-05,0.010606517852000608
48,63,deltathetamean,3.0880628401064314e-06,0.0007324729816847292
48,64,deltaalphamean,1.2868828207501792e-06,0.0003052421357983931
48,65,thetaalphamean,2.2517566321766935e-05,0.005341053533554328
48,66,deltathetamin,2.5864190320135094e-05,0.006134855922166961
48,67,deltaalphamin,7.88069337431807e-06,0.001869260851385686
48,68,thetaalphamin,4.98285262438003e-05,0.011819075932241801
48,69,deltathetastd,7.38151766199735e-06,0.0017508588818274644
48,70,deltaalphastd,3.6129179079580354e-06,0.0008569659652822895
48,71,thetaalphastd,4.610122687154217e-06,0.0010934979258634138
48,72,deltathetapct,4.340134637459414e-06,0.0010294581177316656
48,73,deltaalphapct,4.241102033120114e-06,0.0010059680818287982
48,74,thetaalphapct,5.777278147434117e-06,0.001370341333639198
48,75,meanlogentropy,7.242546416819096e-05,0.017178956010929808
48,76,xcorrmean,1.4808481552108788e-08,3.5124973805010366e-06
48,77,xcorrstd,2.3201067961053923e-05,0.005503176686364808
48,78,corrmean,2.634370139276143e-05,0.006248593538045707
48,79,geomeanamp,7.885392960815807e-08,1.8703755696776762e-05
48,80,harmmeanamp,1.4604363229864248e-07,3.4640815405870436e-05
48,81,meanskewamp,2.105426392517984e-05,0.004993965561245571
48,82,stdskewamp,1.862890349002555e-05,0.0044186822585468456
48,83,overallskewamp,2.794379361148458e-05,0.00662812736850956
48,84,meaniqrchannelamp,1.5816330289908365e-07,3.751554034554684e-05
48,85,overalliqramp,8.094163206351368e-08,1.919894822410634e-05
48,86,avgspectent,5.196576239541173e-05,0.01232601760331261
48,87,sdspectent,4.597974111675285e-06,0.001090616344831867
48,88,pctchangepoint,1.736678859742824e-05,0.004119314950795559
48,89,pctpeakpoint,0.00011946208542212844,0.028335806114750704
48,90,avgspectkurt,5.591526860371232e-05,0.013262820621374438
48,91,sdspectkurt,8.828916907077655e-05,0.0209417470654548
48,92,meanrms,2.2277363598277589e-07,5.284078655064818e-05
48,93,sdrms,1.5996972990706126e-07,3.794401575075705e-05
60,0,SignalSD,5.706877459488169e-08,1.4742642141957052e-05
60,1,lv_l5,2.3217720809043385e-05,0.00599786050549428
60,2,lv_l10,9.345621947431937e-05,0.024142652605224465
60,3,lv_l20,0.00012471566151361912,0.03221794020013238
60,4,SIQ,0.00019904173677787185,0.051418680661367365
60,5,SIQ_delta,0.0004959041252732277,0.1281074827262741
60,6,SIQ_theta,0.000359941681381315,0.0929841483061207
60,7,SIQ_alpha,0.00019612544565461576,0.0506653118232044
60,8,SIQ_beta,0.00011042864207411185,0.028527158045319304
60,9,BCI,0.00022448772506322712,0.05799217206542266
60,10,BSAR,9.68639483289735e-07,0.00025022975117449785
60,11,d0MaxAmp,1.0085666701797891e-07,2.605441872603202e-05
60,12,d0MeanMaxAmp,9.110181764526715e-08,2.3534437274327924e-05
60,13,d0VarMaxAmp,3.5516876550900633e-08,9.175115546233491e-06
60,14,d0VarMeanAmp,3.0604765388630994e-09,7.906164223186354e-07
60,15,d0VarVarAmp,1.4876381015938023e-08,3.843032608326719e-06
60,16,d0MeanVarAmp,5.818139303670478e-09,1.5030066142994053e-06
60,17,d0MaxMaxFourAmp,1.0194057153967151e-07,2.6334425027074905e-05
60,18,d0MeanMaxFourAmp,2.1533641358928435e-07,5.5628103252877605e-05
60,19,d0VarMaxFourAmp,2.9203965912216745e-09,7.544294084217779e-07
60,20,d1MaxAmp,4.409212550626762e-08,1.139036946616793e-05
60,21,d1MeanMaxAmp,1.584997377790387e-08,4.094541945675437e-06
60,22,d1VarMaxAmp,1.8623245168214453e-09,4.810964331824648e-07
60,23,d1VarMeanAmp,8.94671536855185e-09,2.31121526545511e-06
60,24,d1VarVarAmp,1.1036144442755358e-08,2.850979880003985e-06
60,25,d1MeanVarAmp,1.864445842159057e-08,4.816444375954049e-06
60,26,d1MaxMaxFourAmp,9.517231447375707e-09,2.4585973399089577e-06
60,27,d1MeanMaxFourAmp,5.829026150649952e-09,1.5058190259941017e-06
60,28,d1VarMaxFourAmp,8.684686747528758e-09,2.243525110582915e-06
60,29,d2MaxAmp,3.7205143854635025e-08,9.611247579479482e-06
60,30,d2MeanMaxAmp,4.8319478196390264e-08,1.2482426345971812e-05
60,31,d2VarMaxAmp,1.032396745870301e-08,2.667002381062494e-06
60,32,d2VarMeanAmp,8.763876735429221e-09,2.263982351186556e-06
60,33,d2VarVarAmp,2.4899483364038133e-08,6.432312159521114e-06
60,34,d2MeanVarAmp,4.8400366381429194e-08,1.2503322283794321e-05
60,35,d2MaxMaxFourAmp,1.700159302231441e-08,4.392041068876485e-06
60,36,d2MeanMaxFourAmp,6.728966184255114e-08,1.7383015693611994e-05
60,37,d2VarMaxFourAmp,8.784777350001605e-09,2.269381630974408e-06
60,38,linelengthmean,5.4955485495611356e-08,1.4196713739705438e-05
60,39,kurtavg,1.0462493946761242e-06,0.00027027880879595153
60,40,shanavg,8.513450389102672e-09,2.199289425273596e-06
60,41,nlemean,1.3984619684492827e-08,3.612662878490067e-06
60,42,nleavgstd,9.759790309260552e-09,2.521257849522377e-06
60,43,deltakurtosis,3.19238388328813e-05,0.008246921982321506
60,44,thetakurtosis,0.0001554326736368239,0.0401531012512894
60,45,alphakurtosis,9.264903201255947e-05,0.02393413094036173
60,46,betakurtosis,7.686405297135934e-05,0.019856379159730767
60,47,deltameanrat,0.00018876772082876414,0.04876458231119816
60,48,thetameanrat,4.274386810720898e-05,0.011042072582440028
60,49,alphameanrat,5.4155509133124724e-05,0.013990054926407165
60,50,betameanrat,1.1569873095140792e-05,0.0029888586162986515
60,51,deltaminrat,0.0001622207200853154,0.04190666509322387
60,52,thetaminrat,5.8620211348170415e-05,0.015143426581818964
60,53,alphaminrat,3.7023270124336705e-05,0.009564263929666693
60,54,betaminrat,8.185100341506768e-06,0.0021144663800380117
60,55,deltastdrat,3.923033000319265e-05,0.010134416245198669
60,56,thetastdrat,2.5775680114747956e-05,0.006658661073324829
60,57,alphastdrat,1.1055360118916724e-05,0.0028559438877152734
60,58,betastdrat,3.3727617392287357e-06,0.0008712894171025963
60,59,deltapctrat,0.00024050723004620522,0.06213050920218195
60,60,thetapctrat,8.924675057642162e-05,0.023055215666023553
60,61,alphapctrat,4.898413681075908e-05,0.012654128369850338
60,62,betapctrat,4.445077502168715e-05,0.011483019807755792
60,63,deltathetamean,2.677936663531e-06,0.0006917944565924638
60,64,deltaalphamean,1.257171106772148e-06,0.0003247664571373522
60,65,thetaalphamean,2.0724577552755363e-05,0.005353803942215903
60,66,deltathetamin,2.411947752989363e-05,0.006230812355765692
60,67,deltaalphamin,7.40019549994031e-06,0.0019117010100638402
60,68,thetaalphamin,4.623513814294711e-05,0.011943976384005815
60,69,deltathetastd,6.415673396986676e-06,0.0016573682834944113
60,70,deltaalphastd,3.354763748575351e-06,0.0008666399754883211
60,71,thetaalphastd,4.241007900418481e-06,0.0010955844459763437
60,72,deltathetapct,3.844481852866011e-06,0.0009931494163033041
60,73,deltaalphapct,3.879159066855209e-06,0.0010021076208547766
60,74,thetaalphapct,5.1138881644874346e-06,0.001321076607973803
60,75,meanlogentropy,6.364493310684338e-05,0.01644146872968146
60,76,xcorrmean,1.4648156465568718e-08,3.7840750978844766e-06
60,77,xcorrstd,2.0197137928334996e-05,0.005217549857744724
60,78,corrmean,2.3789316401234828e-05,0.006145521451877282
60,79,geomeanamp,7.506771737553208e-08,1.9392329720363348e-05
60,80,harmmeanamp,1.3324539338555041e-07,3.442143563958075e-05
60,81,meanskewamp,2.012873301282525e-05,0.005199878737289275
60,82,stdskewamp,1.7419033611076884e-05,0.0044998789760216824
60,83,overallskewamp,2.6029199943877757e-05,0.0067241531422063275
60,84,meaniqrchannelamp,1.422931319439158e-07,3.675874834178709e-05
60,85,overalliqramp,7.401746415780508e-08,1.9121016599356247e-05
60,86,avgspectent,4.890164564130828e-05,0.012632818331222071
60,87,sdspectent,4.184312274446711e-06,0.0010809381997471314
60,88,pctchangepoint,1.8638242181623355e-05,0.004814838527537717
60,89,pctpeakpoint,0.00011384329263819382,0.02940926865069766
60,90,avgspectkurt,5.046859223512001e-05,0.013037609446014937
60,91,sdspectkurt,8.046445873333141e-05,0.02078647611890667
60,92,meanrms,2.0292195301863103e-07,5.242106138317199e-05
60,93,sdrms,1.5200065206499858e-07,3.926650317351264e-05
72,0,SignalSD,6.230384741456874e-08,1.6327177100824384e-05
72,1,lv_l5,2.267050695081707e-05,0.005940971501944647
72,2,lv_l10,9.447106276638806e-05,0.024756830223124207
72,3,lv_l20,0.0001241974823642522,0.03254685503681258
72,4,SIQ,0.00019142418750561774,0.05016410286814499
72,5,SIQ_delta,0.0004844945215154439,0.12696531892366086
72,6,SIQ_theta,0.000361997022992,0.09486395703677736
72,7,SIQ_alpha,0.0001880300260381773,0.04927463812901019
72,8,SIQ_beta,0.00010789493535412475,0.028274653828149737
72,9,BCI,0.00021620932966470718,0.05665922993161325
72,10,BSAR,8.971505849331152e-07,0.0002351048465569717
72,11,d0MaxAmp,1.1424252477354457e-07,2.9938085877932787e-05
72,12,d0MeanMaxAmp,9.384583421478965e-08,2.459298452636468e-05
72,13,d0VarMaxAmp,3.671510384606336e-08,9.621460433752643e-06
72,14,d0VarMeanAmp,3.0864137912089973e-09,8.088172186251321e-07
72,15,d0VarVarAmp,1.5002584063950053e-08,3.931536448338833e-06
72,16,d0MeanVarAmp,5.893443510984753e-09,1.5444198060078722e-06
72,17,d0MaxMaxFourAmp,9.3716131743804e-08,2.4558995048955587e-05
72,18,d0MeanMaxFourAmp,1.9905580472823203e-07,5.216402375794527e-05
72,19,d0VarMaxFourAmp,3.0705373799122526e-09,8.046566893845757e-07
72,20,d1MaxAmp,5.0658755412769096e-08,1.327549590682613e-05
72,21,d1MeanMaxAmp,1.7941806262911086e-08,4.701781037919183e-06
72,22,d1VarMaxAmp,2.4330057968313668e-09,6.375868935970276e-07
72,23,d1VarMeanAmp,8.985517219173289e-09,2.3547202471101977e-06
72,24,d1VarVarAmp,1.087614087680322e-08,2.8501719498555105e-06
72,25,d1MeanVarAmp,1.9698026321179896e-08,5.162011298316714e-06
72,26,d1MaxMaxFourAmp,1.0359249458247177e-08,2.7147167880497657e-06
72,27,d1MeanMaxFourAmp,6.000648866688607e-09,1.5725137504650553e-06
72,28,d1VarMaxFourAmp,9.014106794325016e-09,2.3622123535548217e-06
72,29,d2MaxAmp,4.471301906505687e-08,1.171737238199857e-05
72,30,d2MeanMaxAmp,4.858006974473028e-08,1.2730761184214455e-05
72,31,d2VarMaxAmp,1.0264409766591598e-08,2.6898633559407538e-06
72,32,d2VarMeanAmp,9.208355855605532e-09,2.413116735174989e-06
72,33,d2VarVarAmp,2.5472095543932483e-08,6.675148202447234e-06
72,34,d2MeanVarAmp,4.885816196065207e-08,1.2803637275308856e-05
72,35,d2MaxMaxFourAmp,1.9024202657647038e-08,4.9854308984575755e-06
72,36,d2MeanMaxFourAmp,7.085592557132259e-08,1.856831148400794e-05
72,37,d2VarMaxFourAmp,9.007631085466983e-09,2.360515346872795e-06
72,38,linelengthmean,5.585637197214055e-08,1.4637569191038615e-05
72,39,kurtavg,1.1066782690249966e-06,0.0002900131025901904
72,40,shanavg,8.81035333577529e-09,2.3088172753903716e-06
72,41,nlemean,1.4103187062630695e-08,3.69584291200262e-06
72,42,nleavgstd,1.165430063565509e-08,3.0540943835853156e-06
72,43,deltakurtosis,3.342513082316145e-05,0.008759299035525839
72,44,thetakurtosis,0.0001489783317083493,0.039040857136838775
72,45,alphakurtosis,9.05193155631423e-05,0.023721246079888875
72,46,betakurtosis,8.128247282002121e-05,0.021300664148312404
72,47,deltameanrat,0.0001828719105105847,0.047922916377941834
72,48,thetameanrat,4.425798761076294e-05,0.011598128074479842
72,49,alphameanrat,5.3571373427985236e-05,0.014038768676243665
72,50,betameanrat,1.1952609384024981e-05,0.0031322683642859292
72,51,deltaminrat,0.00015708569844719023,0.041165451653219096
72,52,thetaminrat,6.073455369914882e-05,0.01591593225033574
72,53,alphaminrat,3.912871761713177e-05,0.010253965505726862
72,54,betaminrat,8.403223546338268e-06,0.0022021259481128006
72,55,deltastdrat,4.036617974634282e-05,0.010578251471644075
72,56,thetastdrat,2.65019934886368e-05,0.006945040461701683
72,57,alphastdrat,1.053856703947531e-05,0.0027617082665458204
72,58,betastdrat,3.37786309501098e-06,0.0008851936319054176
72,59,deltapctrat,0.0002331830037292093,0.06110730487406043
72,60,thetapctrat,8.903029083739966e-05,0.023331036302907726
72,61,alphapctrat,4.7476096369791776e-05,0.012441456918824883
72,62,betapctrat,4.47217098553665e-05,0.011719649866911937
72,63,deltathetamean,2.5115398329944583e-06,0.0006581673098969286
72,64,deltaalphamean,1.3079387599645997e-06,0.00034275488043104623
72,65,thetaalphamean,2.0249673980288208e-05,0.005306574586159681
72,66,deltathetamin,2.418877193122171e-05,0.006338843900676313
72,67,deltaalphamin,7.451143119396875e-06,0.0019526263362916257
72,68,thetaalphamin,4.6968605602160096e-05,0.012308465266077958
72,69,deltathetastd,6.022657544235699e-06,0.001578281284750302
72,70,deltaalphastd,3.3240353332075756e-06,0.0008710876747875964
72,71,thetaalphastd,4.368769168650033e-06,0.001144867787289989
72,72,deltathetapct,3.5956445572082885e-06,0.0009422648506202427
72,73,deltaalphapct,3.844864750135457e-06,0.0010075748177551457
72,74,thetaalphapct,4.712109785032226e-06,0.001234842697062053
72,75,meanlogentropy,6.008444324834272e-05,0.015745566070623284
72,76,xcorrmean,1.530502835578318e-08,4.010794178331575e-06
72,77,xcorrstd,1.8987168004969135e-05,0.0049757256979245145
72,78,corrmean,2.4481340005877428e-05,0.006415513496009107
72,79,geomeanamp,8.10032503295588e-08,2.1227491860540543e-05
72,80,harmmeanamp,1.3507499829756853e-07,3.539738733024469e-05
72,81,meanskewamp,2.0649054931709543e-05,0.0054112352739846695
72,82,stdskewamp,1.7314501747023314e-05,0.004537391319594154
72,83,overallskewamp,2.6342000637669116e-05,0.006903113169551755
72,84,meaniqrchannelamp,1.4199949305293558e-07,3.7212001626089456e-05
72,85,overalliqramp,7.871994966990314e-08,2.062913628874788e-05
72,86,avgspectent,5.217667421675287e-05,0.013673277587504801
72,87,sdspectent,3.872529305226635e-06,0.0010148245159540977
72,88,pctchangepoint,1.968392462003976e-05,0.005158315844801527
72,89,pctpeakpoint,0.00011347424879204482,0.029736753560061786
72,90,avgspectkurt,4.849515971727669e-05,0.012708509892947546
72,91,sdspectkurt,7.909187115728855e-05,0.02072660102397904
72,92,meanrms,2.0514238485702663e-07,5.375905642165763e-05
72,93,sdrms,1.5439522371707426e-07,4.046039314998412e-05
84,0,SignalSD,7.020280889946662e-08,1.7640621243238307e-05
84,1,lv_l5,2.3782962671248242e-05,0.0059762029910565735
84,2,lv_l10,0.00010131591989193112,0.025458750109034596
84,3,lv_l20,0.00013186836440581828,0.033135994227519325
84,4,SIQ,0.00019491948478389531,0.04897953312557519
84,5,SIQ_delta,0.0005036884103901684,0.12656725010855296
84,6,SIQ_theta,0.0003825943567790091,0.09613863381740217
84,7,SIQ_alpha,0.00019234752107877284,0.04833324790872019
84,8,SIQ_beta,0.0001128489529946819,0.028356780429198918
84,9,BCI,0.0002207468351116404,0.055469451577422765
84,10,BSAR,8.885185138751694e-07,0.00022326768425067863
84,11,d0MaxAmp,1.40734456977043e-07,3.5363873473497084e-05
84,12,d0MeanMaxAmp,1.0494467517219164e-07,2.6370586807408688e-05
84,13,d0VarMaxAmp,4.2849954695611814e-08,1.0767372886143192e-05
84,14,d0VarMeanAmp,3.475646437323121e-09,8.733633787222098e-07
84,15,d0VarVarAmp,1.6456663587405274e-08,4.1352443559421944e-06
84,16,d0MeanVarAmp,6.95396362715428e-09,1.7473978663952909e-06
84,17,d0MaxMaxFourAmp,8.967622022737487e-08,2.2533916524932167e-05
84,18,d0MeanMaxFourAmp,1.9639500692392176e-07,4.935030357787281e-05
84,19,d0VarMaxFourAmp,3.2461173748998817e-09,8.156871216322356e-07
84,20,d1MaxAmp,6.090045445716896e-08,1.5303117745024647e-05
84,21,d1MeanMaxAmp,2.2083215256429867e-08,5.5490890219143465e-06
84,22,d1VarMaxAmp,3.2332105881494044e-09,8.124438933326605e-07
84,23,d1VarMeanAmp,1.0297592112351595e-08,2.5875876623610846e-06
84,24,d1VarVarAmp,1.2284200323620098e-08,3.0867842552478554e-06
84,25,d1MeanVarAmp,2.2934889543080317e-08,5.7630984575613e-06
84,26,d1MaxMaxFourAmp,1.2829124429458716e-08,3.2237132458125395e-06
84,27,d1MeanMaxFourAmp,6.558436460579742e-09,1.6480094651855257e-06
84,28,d1VarMaxFourAmp,1.0284212592637232e-08,2.5842256453222007e-06
84,29,d2MaxAmp,6.17471869190922e-08,1.5515885394771154e-05
84,30,d2MeanMaxAmp,5.5659548081621324e-08,1.3986178354825815e-05
84,31,d2VarMaxAmp,1.1926763576752819e-08,2.996967246943665e-06
84,32,d2VarMeanAmp,1.0435490693794236e-08,2.622238934629878e-06
84,33,d2VarVarAmp,2.840896407008131e-08,7.138628538221891e-06
84,34,d2MeanVarAmp,5.4394604376284406e-08,1.3668322229840528e-05
84,35,d2MaxMaxFourAmp,2.326142123365571e-08,5.845149617160963e-06
84,36,d2MeanMaxFourAmp,8.2921694399829e-08,2.083663355763607e-05
84,37,d2VarMaxFourAmp,1.0141731898727357e-08,2.5484229759541242e-06
84,38,linelengthmean,6.178450462357432e-08,1.5525262619140892e-05
84,39,kurtavg,1.2280380587981199e-06,0.0003085824428843308
84,40,shanavg,1.0188300869629074e-08,2.560124866380489e-06
84,41,nlemean,1.509650893183334e-08,3.793463542790799e-06
84,42,nleavgstd,1.4030468342696167e-08,3.525587961205197e-06
84,43,deltakurtosis,3.5763874620897695e-05,0.00898677668697545
84,44,thetakurtosis,0.00014899139932822436,0.03743868493656876
84,45,alphakurtosis,9.034870163304731e-05,0.022702898221769633
84,46,betakurtosis,8.625673945061862e-05,0.021674666500938477
84,47,deltameanrat,0.0001892970030894503,0.04756671116626041
84,48,thetameanrat,4.727428677142598e-05,0.01187912279511786
84,49,alphameanrat,5.5078548029996455e-05,0.013840184170067573
84,50,betameanrat,1.296041409659665e-05,0.003256703824500748
84,51,deltaminrat,0.0001643913274165243,0.04130839190182482
84,52,thetaminrat,6.607424438698217e-05,0.016603192057928796
84,53,alphaminrat,4.2981122533092275e-05,0.010800332851371948
84,54,betaminrat,9.269278052670415e-06,0.002329192035030705
84,55,deltastdrat,4.261804497218691e-05,0.010709098414541615
84,56,thetastdrat,2.816561027429998e-05,0.0070774783904317875
84,57,alphastdrat,1.0558858775766566e-05,0.002653238970692469
84,58,betastdrat,3.6364560855872696e-06,0.000913771763254923
84,59,deltapctrat,0.0002400782541371882,0.06032706691319049
84,60,thetapctrat,9.35271309572272e-05,0.02350157663272258
84,61,alphapctrat,4.8149733629543334e-05,0.012099105822645246
84,62,betapctrat,4.741927841678262e-05,0.011915556418490866
84,63,deltathetamean,2.6046343464258825e-06,0.0006544947232556907
84,64,deltaalphamean,1.3957229612060473e-06,0.0003507184470978332
84,65,thetaalphamean,2.102353028021753e-05,0.005282810484124188
84,66,deltathetamin,2.652917646628339e-05,0.006666273917998346
84,67,deltaalphamin,8.06621574156452e-06,0.002026885519167131
84,68,thetaalphamin,5.067546953796409e-05,0.012733774879615637
84,69,deltathetastd,5.971873179078102e-06,0.0015006173473148686
84,70,deltaalphastd,3.3866324429254746e-06,0.0008509958668643111
84,71,thetaalphastd,4.632001036952715e-06,0.0011639331413104007
84,72,deltathetapct,3.5149928407918196e-06,0.0008832503762904827
84,73,deltaalphapct,3.8988268897810485e-06,0.000979700521015803
84,74,thetaalphapct,4.736331902677193e-06,0.0011901494895602306
84,75,meanlogentropy,6.044745896360837e-05,0.015189288653965915
84,76,xcorrmean,1.7349703895774837e-08,4.359648280540885e-06
84,77,xcorrstd,1.9272836652817205e-05,0.004842894707561084
84,78,corrmean,2.638239493535366e-05,0.006629390530663489
84,79,geomeanamp,8.901394465965495e-08,2.236749935969412e-05
84,80,harmmeanamp,1.4359581257394893e-07,3.608287732987442e-05
84,81,meanskewamp,2.2315798560157418e-05,0.005607532751344522
84,82,stdskewamp,1.8854390873457305e-05,0.004737747297931215
84,83,overallskewamp,2.876923645089846e-05,0.007229158087025221
84,84,meaniqrchannelamp,1.503994582208179e-07,3.7792503166947364e-05
84,85,overalliqramp,8.49813943659683e-08,2.1354196708555097e-05
84,86,avgspectent,5.813844109070487e-05,0.014609076688400705
84,87,sdspectent,3.7592085391224828e-06,0.0009446171036827382
84,88,pctchangepoint,2.199153823312372e-05,0.005526052341898206
84,89,pctpeakpoint,0.0001196734665427357,0.030071649970145164
84,90,avgspectkurt,4.9788675823947415e-05,0.012510940604533352
84,91,sdspectkurt,8.254864223999903e-05,0.02074289269514499
84,92,meanrms,2.212912448840143e-07,5.5606251325839076e-05
84,93,sdrms,1.7078050973395875e-07,4.291387104265608e-05
96,0,SignalSD,7.990077932618078e-08,1.854084411775741e-05
96,1,lv_l5,2.6079122108058073e-05,0.0060516172909846665
96,2,lv_l10,0.0001121955065173097,0.026034782321186497
96,3,lv_l20,0.00014407350681722164,0.03343201973652703
96,4,SIQ,0.00020659519941546023,0.04794007543032746
96,5,SIQ_delta,0.0005484609282575548,0.12726945420633515
96,6,SIQ_theta,0.0004204220895189792,0.09755825276261222
96,7,SIQ_alpha,0.00020950339967384934,0.04861491850581104
96,8,SIQ_beta,0.00012600449554156512,0.0292391354586865
96,9,BCI,0.00023500451061408967,0.05453240925821612
96,10,BSAR,9.210586426888767e-07,0.00021373013957339543
96,11,d0MaxAmp,1.5619929172316915e-07,3.624578813331364e-05
96,12,d0MeanMaxAmp,1.1187099602238959e-07,2.5959480195830148e-05
96,13,d0VarMaxAmp,4.527401387122154e-08,1.0505760279818152e-05
96,14,d0VarMeanAmp,3.828720007703623e-09,8.884481657378725e-07
96,15,d0VarVarAmp,1.710238350938198e-08,3.968579898264594e-06
96,16,d0MeanVarAmp,7.565918558327667e-09,1.7556589282432273e-06
96,17,d0MaxMaxFourAmp,9.161092151543926e-08,2.12581633073673e-05
96,18,d0MeanMaxFourAmp,2.01669564603435e-07,4.679708999262679e-05
96,19,d0VarMaxFourAmp,3.748092947120085e-09,8.697387892516968e-07
96,20,d1MaxAmp,6.668185648095459e-08,1.5473414864314657e-05
96,21,d1MeanMaxAmp,2.396740228505223e-08,5.561596187449567e-06
96,22,d1VarMaxAmp,3.8741210239834345e-09,8.98983396717227e-07
96,23,d1VarMeanAmp,1.0564127350676245e-08,2.451388335643512e-06
96,24,d1VarVarAmp,1.2678688321443587e-08,2.942068722832736e-06
96,25,d1MeanVarAmp,2.3889112910069343e-08,5.5434292670531e-06
96,26,d1MaxMaxFourAmp,1.3647125207683075e-08,3.1667929057140063e-06
96,27,d1MeanMaxFourAmp,6.884299796894311e-09,1.5974904183732147e-06
96,28,d1VarMaxFourAmp,1.059947507542347e-08,2.459590716896644e-06
96,29,d2MaxAmp,7.298831405933015e-08,1.693681794851459e-05
96,30,d2MeanMaxAmp,6.284603415451784e-08,1.4583318617223685e-05
96,31,d2VarMaxAmp,1.227738088971364e-08,2.848945994897534e-06
96,32,d2VarMeanAmp,1.088440448882011e-08,2.52570811753907e-06
96,33,d2VarVarAmp,2.9532136736065695e-08,6.852883642754125e-06
96,34,d2MeanVarAmp,5.6082054555872674e-08,1.3013748302493616e-05
96,35,d2MaxMaxFourAmp,2.522434172647081e-08,5.85326691263318e-06
96,36,d2MeanMaxFourAmp,8.779417726145766e-08,2.0372494095537326e-05
96,37,d2VarMaxFourAmp,1.0498692581961677e-08,2.4362043054394317e-06
96,38,linelengthmean,6.478731506831537e-08,1.5033789652863558e-05
96,39,kurtavg,1.3547698927141028e-06,0.00031437212012289605
96,40,shanavg,1.1115021791852087e-08,2.5792224825106324e-06
96,41,nlemean,1.535362947890917e-08,3.5627844084992973e-06
96,42,nleavgstd,1.5384319596023488e-08,3.5699059995797718e-06
96,43,deltakurtosis,3.973442653659731e-05,0.009220308171414036
96,44,thetakurtosis,0.0001528677239548415,0.03547270332511492
96,45,alphakurtosis,9.153414430329576e-05,0.021240347281864753
96,46,betakurtosis,9.2750255134888e-05,0.02152254379544844
96,47,deltameanrat,0.00020622632291633636,0.047854478246837674
96,48,thetameanrat,5.0780039600795135e-05,0.011783424473100122
96,49,alphameanrat,5.655238055624068e-05,0.01312288667549687
96,50,betameanrat,1.3664040125149768e-05,0.0031707179844261226
96,51,deltaminrat,0.00018691865261644125,0.043374165184482956
96,52,thetaminrat,7.448479300364852e-05,0.017284073420439902
96,53,alphaminrat,4.741318116430193e-05,0.011002150523533994
96,54,betaminrat,1.037554829963483e-05,0.0024076288777418564
96,55,deltastdrat,4.403539060149342e-05,0.010218339792079164
96,56,thetastdrat,2.9358885512920097e-05,0.006812680982046148
96,57,alphastdrat,1.0800235941132996e-05,0.0025061769448090254
96,58,betastdrat,3.969482804677682e-06,0.0009211119407133488
96,59,deltapctrat,0.000257602718193084,0.05977628607138719
96,60,thetapctrat,9.922472963808104e-05,0.023024934930058607
96,61,alphapctrat,4.980167796020396e-05,0.01155639726733355
96,62,betapctrat,4.899744817521423e-05,0.011369777071584517
96,63,deltathetamean,2.967543196064071e-06,0.0006886135063379428
96,64,deltaalphamean,1.5767298009450315e-06,0.00036587755090350594
96,65,thetaalphamean,2.2587046260014176e-05,0.005241286847502342
96,66,deltathetamin,3.229713183827698e-05,0.007494496197835478
96,67,deltaalphamin,9.535931894788519e-06,0.002212797275193688
96,68,thetaalphamin,5.723066351492889e-05,0.013280281117839297
96,69,deltathetastd,6.106496584834531e-06,0.001417002465305577
96,70,deltaalphastd,3.7411998619063525e-06,0.0008681392601918299
96,71,thetaalphastd,5.094619154988322e-06,0.0011821979758966958
96,72,deltathetapct,3.555107923602918e-06,0.0008249569327007543
96,73,deltaalphapct,4.236092536302749e-06,0.0009829782894026137
96,74,thetaalphapct,5.144534952705726e-06,0.001193780854465549
96,75,meanlogentropy,6.396890967153013e-05,0.014843880029767373
96,76,xcorrmean,1.8254809219797608e-08,4.235998384470907e-06
96,77,xcorrstd,2.2030046238796785e-05,0.005112035910852275
96,78,corrmean,2.9340902983676642e-05,0.006808508165781306
96,79,geomeanamp,9.652599430864939e-08,2.2398697846014527e-05
96,80,harmmeanamp,1.5506068962167774e-07,3.5981577392768505e-05
96,81,meanskewamp,2.398349533905275e-05,0.005565330554099287
96,82,stdskewamp,1.9823162801912986e-05,0.0045999322476040745
96,83,overallskewamp,3.087256118305959e-05,0.0071639269258476305
96,84,meaniqrchannelamp,1.656872967714662e-07,3.8447464062791456e-05
96,85,overalliqramp,9.835734715579747e-08,2.2823660255016437e-05
96,86,avgspectent,6.787908205296844e-05,0.01575122908454753
96,87,sdspectent,3.874918093060842e-06,0.0008991683552825867
96,88,pctchangepoint,2.5761442884686403e-05,0.00597790035092906
96,89,pctpeakpoint,0.00012789548782166094,0.02967793709978202
96,90,avgspectkurt,5.273116403259337e-05,0.01223617968086398
96,91,sdspectkurt,8.717329183127731e-05,0.020228418655059255
96,92,meanrms,2.3830833129068196e-07,5.5299055399521654e-05
96,93,sdrms,1.8394503342733515e-07,4.2684141753976524e-05
108,0,SignalSD,9.56228447535068e-08,1.960718321183638e-05
108,1,lv_l5,2.999889875354711e-05,0.006151186000901288
108,2,lv_l10,0.00012964826601091772,0.026583995815285952
108,3,lv_l20,0.00016436392616014928,0.0337023398743908
108,4,SIQ,0.00022876235016155988,0.0469070474022211
108,5,SIQ_delta,0.0006236415356397629,0.12787586354830113
108,6,SIQ_theta,0.0004753133107442409,0.09746159707766977
108,7,SIQ_alpha,0.00024131622922141105,0.04948118339849108
108,8,SIQ_beta,0.00014546159945894033,0.02982647335195084
108,9,BCI,0.0002646462817210704,0.05426494207960694
108,10,BSAR,1.0134331205335911e-06,0.0002078014821507019
108,11,d0MaxAmp,2.0055983895872487e-07,4.112420538770788e-05
108,12,d0MeanMaxAmp,1.3306097912391124e-07,2.7283762606667115e-05
108,13,d0VarMaxAmp,5.6877478726846675e-08,1.1662559808792037e-05
108,14,d0VarMeanAmp,5.851141793300485e-09,1.199759423968279e-06
108,15,d0VarVarAmp,1.8755752506649515e-08,3.8458119147333775e-06
108,16,d0MeanVarAmp,8.230935932829198e-09,1.6877292163382425e-06
108,17,d0MaxMaxFourAmp,1.1030476088080832e-07,2.2617666952943225e-05
108,18,d0MeanMaxFourAmp,2.250678505788528e-07,4.614950112359991e-05
108,19,d0VarMaxFourAmp,8.51369552634651e-09,1.7457082397535129e-06
108,20,d1MaxAmp,7.464520734856706e-08,1.5305780330439242e-05
108,21,d1MeanMaxAmp,2.54610235117525e-08,5.2207080226767365e-06
108,22,d1VarMaxAmp,6.070359326315611e-09,1.2447093346737617e-06
108,23,d1VarMeanAmp,1.2437006979837406e-08,2.5501717198349396e-06
108,24,d1VarVarAmp,1.4578644957907727e-08,2.989308291411489e-06
108,25,d1MeanVarAmp,3.2334831701064104e-08,6.630162184789093e-06
108,26,d1MaxMaxFourAmp,1.5904632277852215e-08,3.261198093327992e-06
108,27,d1MeanMaxFourAmp,7.693251369289555e-09,1.5774785772292089e-06
108,28,d1VarMaxFourAmp,1.2148831274316763e-08,2.491082138575266e-06
108,29,d2MaxAmp,8.950483021408218e-08,1.835270231580784e-05
108,30,d2MeanMaxAmp,8.011876673208462e-08,1.6428117591269993e-05
108,31,d2VarMaxAmp,1.4788565039225432e-08,3.032351786978367e-06
108,32,d2VarMeanAmp,1.7449488964871307e-08,3.577966415547386e-06
108,33,d2VarVarAmp,4.0194258588144294e-08,8.241714563430942e-06
108,34,d2MeanVarAmp,7.209069963209913e-08,1.4781986032727768e-05
108,35,d2MaxMaxFourAmp,3.266925574507695e-08,6.698734851899194e-06
108,36,d2MeanMaxFourAmp,1.0602675359905334e-07,2.174047413598445e-05
108,37,d2VarMaxFourAmp,1.370717583881742e-08,2.8106161104216043e-06
108,38,linelengthmean,7.056219430978672e-08,1.4468570509772963e-05
108,39,kurtavg,1.490032673245878e-06,0.0003055268193627218
108,40,shanavg,1.4509984325172809e-08,2.975229630512575e-06
108,41,nlemean,1.5962026367333237e-08,3.2729665826532343e-06
108,42,nleavgstd,2.372082796853192e-08,4.863886042235752e-06
108,43,deltakurtosis,4.69515252916608e-05,0.009627272236480936
108,44,thetakurtosis,0.0001641368871787563,0.033655786198688344
108,45,alphakurtosis,9.72315319813788e-05,0.019937039798813422
108,46,betakurtosis,0.00010263490548823029,0.021044985651960977
108,47,deltameanrat,0.00023952173069119453,0.04911322675020243
108,48,thetameanrat,5.551858703256585e-05,0.01138392306164768
108,49,alphameanrat,5.9254278312437236e-05,0.012149915576680149
108,50,betameanrat,1.4779949196963571e-05,0.0030305851338507796
108,51,deltaminrat,0.00022638902009930462,0.04642040304989344
108,52,thetaminrat,8.628873183624819e-05,0.01769325079787788
108,53,alphaminrat,5.2503844926832244e-05,0.010765759055379834
108,54,betaminrat,1.1729773177648894e-05,0.002405155507769096
108,55,deltastdrat,4.7378500312333927e-05,0.009714822209280806
108,56,thetastdrat,3.14910284942016e-05,0.0064571428177713445
108,57,alphastdrat,1.160617102868855e-05,0.0023798112504811084
108,58,betastdrat,4.434547918208409e-06,0.0009092910142771212
108,59,deltapctrat,0.00029124654247425497,0.059719247349595085
108,60,thetapctrat,0.00010872389248106629,0.022293514534894525
108,61,alphapctrat,5.37804480700288e-05,0.011027522777030074
108,62,betapctrat,5.178379433345981e-05,0.010618114797959568
108,63,deltathetamean,3.658964715214097e-06,0.0007502599585044923
108,64,deltaalphamean,1.9428930499998387e-06,0.0003983845083311367
108,65,thetaalphamean,2.5973688025260344e-05,0.005325828374078817
108,66,deltathetamin,4.1294519178336486e-05,0.008467319762986255
108,67,deltaalphamin,1.2158614481450059e-05,0.0024930881564380098
108,68,thetaalphamin,6.806851160945371e-05,0.013957248202811131
108,69,deltathetastd,6.863799626444234e-06,0.0014074019357188253
108,70,deltaalphastd,4.440427801455371e-06,0.0009104966670516707
108,71,thetaalphastd,5.801705356134335e-06,0.0011896226278568915
108,72,deltathetapct,3.948882294935174e-06,0.0008097067059483334
108,73,deltaalphapct,4.964433173881844e-06,0.0010179424282360096
108,74,thetaalphapct,6.210639185155742e-06,0.0012734733073447183
108,75,meanlogentropy,7.155692583182827e-05,0.014672537284130429
108,76,xcorrmean,2.5103700451722943e-08,5.147439979649219e-06
108,77,xcorrstd,2.7556678105611354e-05,0.00565041583649923
108,78,corrmean,3.3373878977727145e-05,0.006843215774355563
108,79,geomeanamp,1.1159025348206342e-07,2.2881253431835806e-05
108,80,harmmeanamp,1.8117172828624462e-07,3.714873029003004e-05
108,81,meanskewamp,2.5965640816139057e-05,0.005324178317505079
108,82,stdskewamp,2.1417696189018898e-05,0.004391635641420747
108,83,overallskewamp,3.4143595257773995e-05,0.007001043834824954
108,84,meaniqrchannelamp,1.9135234197165119e-07,3.9236235198017775e-05
108,85,overalliqramp,1.1507477637451302e-07,2.3595744607393434e-05
108,86,avgspectent,7.997670763870701e-05,0.016398988791787587
108,87,sdspectent,4.6091299736872315e-06,0.0009450885515298154
108,88,pctchangepoint,3.094277417403646e-05,0.00634472488113843
108,89,pctpeakpoint,0.00014235140406526625,0.02918873692959722
108,90,avgspectkurt,5.8201632782584056e-05,0.011934073705272167
108,91,sdspectkurt,9.568144014338031e-05,0.01961919802427561
108,92,meanrms,2.7805336344499665e-07,5.7014024773964286e-05
108,93,sdrms,2.1531481309011724e-07,4.414966945778311e-05
120,0,SignalSD,1.2583925013132102e-07,2.2230231735569646e-05
120,1,lv_l5,3.504906635498628e-05,0.006191620391679165
120,2,lv_l10,0.0001515299954917282,0.026768650569322802
120,3,lv_l20,0.00018942728638648987,0.03346342630790739
120,4,SIQ,0.0002556806430220604,0.04516746514897715
120,5,SIQ_delta,0.0007278798148036003,0.12858418134120908
120,6,SIQ_theta,0.0005550208152271807,0.09804763877478047
120,7,SIQ_alpha,0.00028634199406951666,0.050583970240983836
120,8,SIQ_beta,0.0001742564927553758,0.030783417823430345
120,9,BCI,0.00030034733936190605,0.05305809553227078
120,10,BSAR,1.1670678077280172e-06,0.00020616928176099827
120,11,d0MaxAmp,2.794978684050875e-07,4.937491583714048e-05
120,12,d0MeanMaxAmp,1.7435424126688304e-07,3.080068566363398e-05
120,13,d0VarMaxAmp,9.003391454598386e-08,1.5905012008010486e-05
120,14,d0VarMeanAmp,7.572015015000488e-09,1.3376402697331193e-06
120,15,d0VarVarAmp,2.555977474116844e-08,4.515282115970832e-06
120,16,d0MeanVarAmp,1.7666181406639225e-08,3.120833175200668e-06
120,17,d0MaxMaxFourAmp,1.3540069687678624e-07,2.391931663282696e-05
120,18,d0MeanMaxFourAmp,2.724263765685464e-07,4.812569588328309e-05
120,19,d0VarMaxFourAmp,1.0959966267876098e-08,1.936141463769499e-06
120,20,d1MaxAmp,9.675344614379355e-08,1.7092056148991206e-05
120,21,d1MeanMaxAmp,3.914928115023031e-08,6.915947062163665e-06
120,22,d1VarMaxAmp,1.2245019220813447e-08,2.1631535041818815e-06
120,23,d1VarMeanAmp,1.5610705617064013e-08,2.757721482454361e-06
120,24,d1VarVarAmp,1.8995303108226835e-08,3.3556302150768074e-06
120,25,d1MeanVarAmp,4.4267160603794764e-08,7.820050083508124e-06
120,26,d1MaxMaxFourAmp,1.88822646407516e-08,3.3356613156723227e-06
120,27,d1MeanMaxFourAmp,1.0107701342576547e-08,1.7855839328740466e-06
120,28,d1VarMaxFourAmp,1.492958823234858e-08,2.6373981549905667e-06
120,29,d2MaxAmp,1.1067243121942738e-07,1.955092540824358e-05
120,30,d2MeanMaxAmp,1.3480310201430257e-07,2.381374804223909e-05
120,31,d2VarMaxAmp,2.396678233651528e-08,4.23387078944523e-06
120,32,d2VarMeanAmp,2.2984627534583524e-08,4.060367460202877e-06
120,33,d2VarVarAmp,5.064811858801477e-08,8.947283236408468e-06
120,34,d2MeanVarAmp,1.014778376884351e-07,1.7926647254209554e-05
120,35,d2MaxMaxFourAmp,3.9416093500221905e-08,6.9630810077651805e-06
120,36,d2MeanMaxFourAmp,1.337375437060473e-07,2.3625511000969717e-05
120,37,d2VarMaxFourAmp,1.7108700234302887e-08,3.0223509001050916e-06
120,38,linelengthmean,8.696258646523347e-08,1.5362444129548137e-05
120,39,kurtavg,1.7809218206821242e-06,0.000314610145367056
120,40,shanavg,2.7522302659122033e-08,4.8619740293293865e-06
120,41,nlemean,2.078826710771864e-08,3.672367681015632e-06
120,42,nleavgstd,3.049578722880142e-08,5.387257285365422e-06
120,43,deltakurtosis,5.4572108638240024e-05,0.009640478785917433
120,44,thetakurtosis,0.0001784079649951309,0.03151679941810158
120,45,alphakurtosis,0.00010522293450776488,0.018588240279271008
120,46,betakurtosis,0.00011767393152695149,0.020787780953476866
120,47,deltameanrat,0.0002837296051438898,0.05012247662003873
120,48,thetameanrat,6.20074279140681e-05,0.01095397096230212
120,49,alphameanrat,6.333554483717307e-05,0.011188590502244904
120,50,betameanrat,1.643112045712769e-05,0.002902652511484519
120,51,deltaminrat,0.00027794530615210533,0.04910064673086661
120,52,thetaminrat,9.858900011749938e-05,0.017416317380332332
120,53,alphaminrat,5.865014827577397e-05,0.010360888086470425
120,54,betaminrat,1.3607688742922619e-05,0.002403876960685896
120,55,deltastdrat,5.28006385138724e-05,0.009327538337398905
120,56,thetastdrat,3.5877055779565126e-05,0.00633788951489613
120,57,alphastdrat,1.2939208318130113e-05,0.002285786025319374
120,58,betastdrat,4.979925506631844e-06,0.0008797326583142586
120,59,deltapctrat,0.0003400518908165395,0.0600721343069159
120,60,thetapctrat,0.00012207338295411319,0.02156496950659623
120,61,alphapctrat,5.952233914285898e-05,0.010514965650288657
120,62,betapctrat,5.583752863458358e-05,0.009864022550936572
120,63,deltathetamean,4.64875256511732e-06,0.0008212290417817748
120,64,deltaalphamean,2.4447469968436053e-06,0.00043187870412416274
120,65,thetaalphamean,3.0229361072997563e-05,0.005340191563201979
120,66,deltathetamin,5.548365516006015e-05,0.009801508753885831
120,67,deltaalphamin,1.7963731806958094e-05,0.0031733971752658085
120,68,thetaalphamin,8.396353950956836e-05,0.01483264513010467
120,69,deltathetastd,8.003910807019565e-06,0.0014139371606648602
120,70,deltaalphastd,5.351809249987127e-06,0.0009454280735750128
120,71,thetaalphastd,6.794977707613725e-06,0.001200372132865134
120,72,deltathetapct,4.483530119614443e-06,0.0007920415406832419
120,73,deltaalphapct,5.855289600731339e-06,0.0010343707910472615
120,74,thetaalphapct,7.41061967346468e-06,0.0013091288486968505
120,75,meanlogentropy,8.174253889592364e-05,0.014440292519336248
120,76,xcorrmean,3.256137048879282e-08,5.75215452125012e-06
120,77,xcorrstd,3.602744618547149e-05,0.006364456850370682
120,78,corrmean,3.9742917579133064e-05,0.007020816372553013
120,79,geomeanamp,1.3835244772053557e-07,2.4440760500409883e-05
120,80,harmmeanamp,2.1622285828470922e-07,3.819701914291645e-05
120,81,meanskewamp,2.8954900699318387e-05,0.005115050763212127
120,82,stdskewamp,2.360278449486941e-05,0.0041695684643551605
120,83,overallskewamp,3.868964995490387e-05,0.006834750551739924
120,84,meaniqrchannelamp,2.3406441584938875e-07,4.134883353129235e-05
120,85,overalliqramp,1.4953768356917863e-07,2.641669713919988e-05
120,86,avgspectent,9.947655053110793e-05,0.017573108296925755
120,87,sdspectent,5.424069058790337e-06,0.0009581931869493136
120,88,pctchangepoint,3.678706707432866e-05,0.006498648276121012
120,89,pctpeakpoint,0.00016124354442581534,0.02848460519837703
120,90,avgspectkurt,6.807730824220926e-05,0.01202625044712852
120,91,sdspectkurt,0.00011200029257452115,0.019785499800618275
120,92,meanrms,3.3430112011956226e-07,5.905622738504122e-05
120,93,sdrms,2.609143052723084e-07,4.6092021871361484e-05
